peptide,length,score
GGWWWWWGGG,10,0.9633
WGWWWWWGGG,10,0.9633
PWWGWWWWGG,10,0.93285
GGGWWWWGGG,10,0.9024
WGGWWWWGGG,10,0.9024
WGGWWWWGWG,10,0.9024
GGGWWWGWGD,10,0.88413
WGGWWGWWGA,10,0.87804
WGGWWGWWWG,10,0.87804
GGGWWGWWGM,10,0.87804
GGGWGWWWGA,10,0.87804
GGGGWWWWGP,10,0.87195
GGWWWWGGGG,10,0.78669
GGWWWWGGGW,10,0.78669
WGWWWWGGGW,10,0.78669
WGWWWWGGGG,10,0.78669
WWWWWWGGGW,10,0.78669
GGWWGWWGGP,10,0.7806
GGWWWGWGEG,10,0.7806
WWWWWGWGGG,10,0.7806
WGWWWGWGGG,10,0.7806
PGWWGWWGGG,10,0.7806
WGWWGWWGGG,10,0.7806
WGWWWGWGWG,10,0.7806
GGWWWGWGWG,10,0.7806
WGWGWWWGGG,10,0.77451
EGWGWWWGGG,10,0.77451
GGWGWWWGGG,10,0.77451
GWWGWWWGGG,10,0.77451
GGWWGWGWGG,10,0.76233
GGWWWGGWGG,10,0.76233
WGWWGWGWGG,10,0.76233
WWWWGWGWGG,10,0.76233
WGWWWGGWGW,10,0.76233
WGWGWWGWGG,10,0.75624
WGWWGGWWGG,10,0.75624
GGWWGGWWGG,10,0.75624
WPWWGGWWGG,10,0.75624
QGWWGGWWGG,10,0.75624
GGWGWWGWGG,10,0.75624
WGWGGWWWGR,10,0.75015
GWWGGWWWGW,10,0.75015
WGWGGWWWWG,10,0.75015
GGWGGWWWGG,10,0.75015
GGGWWWGGGG,10,0.72579
DWGWWWGGWD,10,0.72579
GGGWWWGGGM,10,0.72579
WWGWWWGGWG,10,0.72579
LWGWWWGGGG,10,0.72579
RGGWWWGGGG,10,0.72579
MGGWWWGGGW,10,0.72579
GWGWWWGGGA,10,0.72579
GWGWWWGGGG,10,0.72579
MWGWWWGGGG,10,0.72579
GGGWWWGGGP,10,0.72579
WWGWWWGGGW,10,0.72579
WGGWGWWGGH,10,0.7197
GWGWWGWGGG,10,0.7197
GGGWGWWGGG,10,0.7197
WWGWGWWGGG,10,0.7197
GGGWGWWGGW,10,0.7197
HGGWWGWGGG,10,0.7197
GGGWWGWGGP,10,0.7197
GGGWWGWGGE,10,0.7197
EGGWGWWGGP,10,0.7197
WGGWGWWGGW,10,0.7197
WGGWWGWGGG,10,0.7197
GGGWGWWGGE,10,0.7197
GGGWWGWGGG,10,0.7197
EGGWGWWGGD,10,0.7197
WGGWGWWGGP,10,0.7197
GWGWGWWGGG,10,0.7197
GGGWWGWGGA,10,0.7197
WGGWWGWGGW,10,0.7197
WWGWWGWGGG,10,0.7197
GWGGWWWGGG,10,0.71361
MWGGWWWGGW,10,0.71361
GGGGWWWGGG,10,0.71361
WGGGWWWGGW,10,0.71361
WGGGWWWGGG,10,0.71361
WWGGWWWGGW,10,0.71361
GGGWWGGWGP,10,0.70143
AWGWWGGWGW,10,0.70143
WGGWWGGWGW,10,0.70143
WGGWWGGWGG,10,0.70143
GGGWWGGWGG,10,0.70143
GGGWGWGWGW,10,0.70143
GGGWWGGWGW,10,0.70143
GGGWGWGWGH,10,0.70143
WGGWGWGWGG,10,0.70143
GGGWGWGWGG,10,0.70143
CWGWWGGWWG,10,0.70143
GWGWGWGWGG,10,0.70143
EGGWWGGWWG,10,0.70143
GGGWWGGWWL,10,0.70143
WGGWGWGWGE,10,0.70143
WGGWWGGWGD,10,0.70143
GGGWGWGWGP,10,0.70143
GWGWWGGWGG,10,0.70143
WWGWWGGWGD,10,0.70143
GGGWGGWWGG,10,0.69534
WGGGWWGWGG,10,0.69534
WGGGWWGWWG,10,0.69534
WWGWGGWWGG,10,0.69534
GGGGWWGWGL,10,0.69534
WGGWGGWWWG,10,0.69534
GWGWGGWWGH,10,0.69534
GWGWGGWWGP,10,0.69534
WWGGWWGWGE,10,0.69534
WGGWGGWWGG,10,0.69534
WGGWGGWWGP,10,0.69534
EGGGWWGWGG,10,0.69534
GGGGWWGWGG,10,0.69534
GGGWGGWWGE,10,0.69534
GDGGWWGWGG,10,0.69534
DGGGWWGWGG,10,0.69534
VWGWGGWWWG,10,0.69534
GGGGWWGWGE,10,0.69534
GGGWGGWWWD,10,0.69534
GGGGGWWWGG,10,0.68925
WGGGWGWWGG,10,0.68925
WGGGGWWWGG,10,0.68925
WWGGGWWWGG,10,0.68925
MWGGGWWWGG,10,0.68925
GWGGWGWWGG,10,0.68925
WWGGWGWWGG,10,0.68925
WGGGWGWWWW,10,0.68925
WGGGGWWWGW,10,0.68925
GWGGWGWWGK,10,0.68925
WGGGWWWGW,9,0.67605
RGWWWGGGWW,10,0.60399
GGWWGWGGWE,10,0.60399
WGWWGWGGGG,10,0.60399
GGWWWGGGGG,10,0.60399
GGWWGWGGGW,10,0.60399
WGWWWGGGGG,10,0.60399
GGWWGWGGGG,10,0.60399
WWWWWGGGGG,10,0.60399
GDWWGWGGGG,10,0.60399
WGWWWGGGWW,10,0.60399
WWWWWGGGGE,10,0.60399
WGWWGWGGGD,10,0.60399
GWWWGWGGGG,10,0.60399
GWWWWGGGGG,10,0.60399
WGWWWGGGGW,10,0.60399
EGWWWGGGGE,10,0.60399
GGWWWGGGWG,10,0.60399
WGWWGWGGWW,10,0.60399
GWWWGWGGGW,10,0.60399
WGWWWGGGWP,10,0.60399
GGWWWGGGGE,10,0.60399
WGWWWGGGGP,10,0.60399
WWWWGWGGGG,10,0.60399
DWWWWGGGGE,10,0.60399
VGWWWGGGGG,10,0.60399
EGWWGWGGGG,10,0.60399
WGWWGWGGGW,10,0.60399
GDWWWGGGWG,10,0.60399
GGGGGWWWW,9,0.60297
WGWWGGWGGG,10,0.5979
GGWWGGWGWG,10,0.5979
GGWGWWGGGE,10,0.5979
WGWGWWGGGG,10,0.5979
KWWGWWGGWG,10,0.5979
GGWWGGWGGW,10,0.5979
GGWWGGWGGE,10,0.5979
GGWGWWGGGD,10,0.5979
GGWGWWGGGG,10,0.5979
EGWGWWGGWG,10,0.5979
WWWWGGWGWG,10,0.5979
GGWGWWGGGW,10,0.5979
GWWWGGWGGG,10,0.5979
WGWWGGWGGP,10,0.5979
GWWGWWGGWG,10,0.5979
GGWWGGWGGG,10,0.5979
WWWGWWGGHG,10,0.5979
WWWWGGWGEG,10,0.5979
MGWGWWGGGW,10,0.5979
GGWGWWGGGP,10,0.5979
TGGEGWWGGG,10,0.59756
WGWGWGWGWG,10,0.59181
WGWGWGWGGK,10,0.59181
MGWGWGWGGP,10,0.59181
GGWGWGWGGG,10,0.59181
GWWGWGWGGG,10,0.59181
WGWGGWWGGG,10,0.59181
WGWGGWWGGW,10,0.59181
GWWGGWWGWW,10,0.59181
WGWGWGWGGG,10,0.59181
GGWGWGWGWW,10,0.59181
PGWGGWWGGG,10,0.59181
GGWGGWWGGG,10,0.59181
WWWGGWWGPG,10,0.59181
GGWGGWWGGD,10,0.59181
GEWGGWWGGP,10,0.59181
WGWGGWWGWG,10,0.59181
GGWGGWWGGE,10,0.59181
WGWGWGWGGE,10,0.59181
GWWGGWWGGG,10,0.59181
AGWGGWWGGR,10,0.59181
CGWGWGWGGG,10,0.59181
WWWGWGWGGG,10,0.59181
WWWGGWWGGG,10,0.59181
EWWGWGWGGG,10,0.59181
GWWGGWWGWG,10,0.59181
GGGWEGGWGW,10,0.58323
GGWWGGGWGH,10,0.57963
WGWWGGGWGP,10,0.57963
GGWWGGGWGW,10,0.57963
WGWWGGGWGG,10,0.57963
GGWWGGGWGG,10,0.57963
GWWWGGGWGG,10,0.57963
EWWWGGGWGG,10,0.57963
GGWWGGGWPG,10,0.57963
WGWWGGGWWG,10,0.57963
WWWWGGGWGG,10,0.57963
WGWWGGGWWD,10,0.57963
WGWWGGGWGE,10,0.57963
WGWWGGGWWP,10,0.57963
WGWGGWGWWG,10,0.57354
WWWGWGGWGI,10,0.57354
WDWGGWGWGA,10,0.57354
WGWGGWGWGG,10,0.57354
GWWGWGGWGG,10,0.57354
GGWGWGGWGW,10,0.57354
GGWGWGGWGG,10,0.57354
WGWGGWGWGW,10,0.57354
WWWGGWGWGG,10,0.57354
GWWGWGGWGE,10,0.57354
EGWGWGGWWE,10,0.57354
WGWGWGGWGG,10,0.57354
WGWGWGGWGW,10,0.57354
WGWGGWGWGP,10,0.57354
GWWGGWGWGG,10,0.57354
GGWGGWGWWD,10,0.57354
EGWGWGGWWW,10,0.57354
GWWGWGGWGW,10,0.57354
GGWGGWGWGD,10,0.57354
WWWGWGGWGG,10,0.57354
GGWGWGGWGD,10,0.57354
WWWGGGWWGG,10,0.56745
WGWGGGWWGG,10,0.56745
MGWGGGWWGG,10,0.56745
GGWGGGWWGP,10,0.56745
GGWGGGWWGW,10,0.56745
GGWGGGWWGG,10,0.56745
GWWGGGWWGW,10,0.56745
WGWWGGWGG,9,0.56643
WGWWGGWPGW,10,0.55994
GGGWWGGGGG,10,0.54309
WGGWGWGGEG,10,0.54309
WGGWGWGGGG,10,0.54309
KGGWGWGGGW,10,0.54309
WGGWWGGGGP,10,0.54309
WWGWGWGGGG,10,0.54309
WWGWGWGGGW,10,0.54309
GGGWGWGGGW,10,0.54309
EWGWWGGGGG,10,0.54309
GGGWWGGGGP,10,0.54309
GGGWGWGGGG,10,0.54309
GWGWWGGGGG,10,0.54309
WGGWGWGGGW,10,0.54309
WGGWWGGGGG,10,0.54309
TGGWWGGGGG,10,0.54309
GGGWGWGGWW,10,0.54309
GGGWGWGGGP,10,0.54309
GGGWGWGGGD,10,0.54309
EGGWWGGGGW,10,0.54309
GWGWGWGGGG,10,0.54309
WGGWGWGGWG,10,0.54309
EWGWGWGGGG,10,0.54309
GWGWGWGGGP,10,0.54309
WWGWWGGGGG,10,0.54309
RWGWGWGGGG,10,0.54309
GWGWWGGGGR,10,0.54309
GGGWGWGGWP,10,0.54309
WGGWGWGGGE,10,0.54309
RGGWGWGGGW,10,0.54309
GGGWGWGGWG,10,0.54309
WGGWWGGGPP,10,0.54309
GGGWWGGGWG,10,0.54309
WGGWGWGGWW,10,0.54309
GEGWGWGGGG,10,0.54309
WWGWGWGGWG,10,0.54309
WGGWGWGGEP,10,0.54309
HGGWWGGGGG,10,0.54309
RGGWWGGGGG,10,0.54309
WGGWGWGGGD,10,0.54309
WGGWWGGGGE,10,0.54309
WGGWWGGGWG,10,0.54309
GGGWWGGGGW,10,0.54309
WGGWWGGGGM,10,0.54309
WWGWWGGGGW,10,0.54309
GGGWGWGGGR,10,0.54309
GWGWWGGGWG,10,0.54309
GGGWWGGGEP,10,0.54309
GWGWWGGGGE,10,0.54309
MWGWWGGGGG,10,0.54309
GGGWWGGGEW,10,0.54309
MGGWWGGGWG,10,0.54309
GDGWWGGGGG,10,0.54309
WGGWWGGGGA,10,0.54309
WWGWWGGGWA,10,0.54309
GWGWGWGGWG,10,0.54309
PGGWGWGGGG,10,0.54309
AWGWWGGGGG,10,0.54309
AGGWGWGGGW,10,0.54309
WWGWGWGGGA,10,0.54309
GGGWGWGGGE,10,0.54309
KGGWWGGGGG,10,0.54309
WGGWWGGGEG,10,0.54309
GGGWWGGGGE,10,0.54309
GGGGWWGGGW,10,0.537
GWGWGGWGGP,10,0.537
HGGWGGWGGD,10,0.537
WWGGWWGGGG,10,0.537
WWGWGGWGWG,10,0.537
WGGWGGWGPE,10,0.537
GWGGWWGGGP,10,0.537
WWGGWWGGWG,10,0.537
WWGWGGWGGG,10,0.537
GWGWGGWGGM,10,0.537
GWGGWWGGGG,10,0.537
GWGWGGWGGG,10,0.537
GWGWGGWGWG,10,0.537
GGGWGGWGGG,10,0.537
WGGWGGWGGG,10,0.537
GGGGWWGGGG,10,0.537
WGGWGGWGWD,10,0.537
GGGGWWGGGA,10,0.537
AGGWGGWGGG,10,0.537
WGGGWWGGEG,10,0.537
MGGWGGWGGW,10,0.537
WWGWGGWGGM,10,0.537
WGGGWWGGGW,10,0.537
WGGGWWGGGD,10,0.537
GGGWGGWGGP,10,0.537
GGGGWWGGWG,10,0.537
GGGWGGWGWG,10,0.537
WGGGWWGGGG,10,0.537
DGGWGGWGGG,10,0.537
WGGWGGWGGE,10,0.537
GGGGWWGGGP,10,0.537
WWGWGGWGGW,10,0.537
GWGWGGWGPG,10,0.537
GGGGWWGGGE,10,0.537
GRGWGGWGGG,10,0.537
WGGGWWGGWG,10,0.537
LGGWGGWGPP,10,0.537
MGGGWWGGGG,10,0.537
GGGGWWGGWD,10,0.537
WGGGWWGGWW,10,0.537
GGGGWWGGGD,10,0.537
GWGGWWGGGW,10,0.537
WGGWGGWGGW,10,0.537
WWGGWWGGGW,10,0.537
WGGGWWGGGP,10,0.537
GGGGWWGGWE,10,0.537
GWGWGGWGGE,10,0.537
GGGWGGWGGW,10,0.537
WGGWGGWGWW,10,0.537
RWGGWWGGGG,10,0.537
KGGGWWGGWG,10,0.537
HWGWGGWGGG,10,0.537
EGGGWWGGWW,10,0.537
EWGGWWGGGT,10,0.537
WGGWGGWGGP,10,0.537
EGGWGGWGGD,10,0.537
GGGWGGWGGD,10,0.537
PGGGWWGGGG,10,0.537
PWGGWWGGGW,10,0.537
WWGGWWGGGE,10,0.537
GGGWGGWGWW,10,0.537
GGGGWWGGGV,10,0.537
GGGWGGWGGE,10,0.537
WGGGWGWGGG,10,0.53091
WWGGGWWGGG,10,0.53091
GGGGGWWGGE,10,0.53091
GGGGWGWGGG,10,0.53091
WWGGWGWGGG,10,0.53091
GGGGGWWGGA,10,0.53091
WGGGWGWGWH,10,0.53091
GWGGGWWGGD,10,0.53091
EGGGGWWGGP,10,0.53091
GWGGGWWGWG,10,0.53091
GGGGWGWGGW,10,0.53091
GWGGGWWGGG,10,0.53091
GGGGGWWGGG,10,0.53091
DGGGGWWGGG,10,0.53091
GWGGWGWGGG,10,0.53091
RGGGWGWGWG,10,0.53091
PGGGGWWGGG,10,0.53091
EGGGGWWGGG,10,0.53091
WGGGGWWGGG,10,0.53091
GGGGGWWGWG,10,0.53091
GGGGGWWGGW,10,0.53091
WGGGWGWGGW,10,0.53091
WGGGGWWGGP,10,0.53091
GPGGGWWGGW,10,0.53091
TGGGGWWGGG,10,0.53091
WWGGGWWGGR,10,0.53091
GGGGGWWGGD,10,0.53091
GWGGGWWGWW,10,0.53091
WGGGGWWGGA,10,0.53091
WWGGGWWGWP,10,0.53091
WGGGWGWGGP,10,0.53091
WWGGWGWGGW,10,0.53091
GEGGGWWGGG,10,0.53091
WWGGGWWGWD,10,0.53091
PWGGGWWGGG,10,0.53091
EWGGWGWGGG,10,0.53091
WGGGWGWGWG,10,0.53091
WWGGWGWGEG,10,0.53091
GGGGWGWGGE,10,0.53091
SGGGGWWGGL,10,0.53091
GGGGGWWGGK,10,0.53091
GGGGGWWGGP,10,0.53091
GGGGWGWGGK,10,0.53091
GWGGWGWGWM,10,0.53091
WGGGGWWGGW,10,0.53091
GWGGGWWGGW,10,0.53091
GGGGGWWGGM,10,0.53091
EGGGWGWGGG,10,0.53091
GWGGWGWGWG,10,0.53091
MWGGGWWGGG,10,0.53091
WGGGGWWGWG,10,0.53091
GGGGWGWGWG,10,0.53091
GGPWGWGGDG,10,0.52849
GGGWGGGWGG,10,0.51873
WGGWGGGWGG,10,0.51873
GGGWGGGWWG,10,0.51873
GGGWGGGWGW,10,0.51873
WGGWGGGWGQ,10,0.51873
GWGWGGGWGG,10,0.51873
DGGWGGGWGE,10,0.51873
WGGWGGGWGW,10,0.51873
GWGWGGGWGP,10,0.51873
WWGWGGGWWG,10,0.51873
WWGWGGGWGG,10,0.51873
GGGWGGGWGD,10,0.51873
WGGWGGGWPG,10,0.51873
RGGWGGGWGW,10,0.51873
WWGWGGGWGW,10,0.51873
GGGWGGGWWW,10,0.51873
PGGWGGGWGG,10,0.51873
WWGWGGGWGP,10,0.51873
GWGWGGGWGW,10,0.51873
WGGWGGGWGC,10,0.51873
WGGWGGGWGE,10,0.51873
MWGWGGGWGW,10,0.51873
GWGGWGGWGW,10,0.51264
GGGGWGGWGG,10,0.51264
WGGGGWGWGG,10,0.51264
GWGGWGGWGE,10,0.51264
GGGGGWGWWG,10,0.51264
WGGGGWGWGA,10,0.51264
WGGGWGGWGW,10,0.51264
MGGGGWGWGG,10,0.51264
GGGGGWGWGG,10,0.51264
GGGGGWGWGP,10,0.51264
WWGGWGGWGG,10,0.51264
GGGGWGGWGW,10,0.51264
GWGGWGGWGG,10,0.51264
WGGGWGGWGG,10,0.51264
WWGGWGGWWG,10,0.51264
GWGGGWGWGW,10,0.51264
WGGGWGGWWP,10,0.51264
DGGGWGGWGP,10,0.51264
GGGGGWGWWW,10,0.51264
DWGGWGGWWG,10,0.51264
RGGGWGGWDG,10,0.51264
GGGGGWGWGW,10,0.51264
GWGGWGGWWG,10,0.51264
AGGGWGGWGG,10,0.51264
GWGGGWGWGG,10,0.51264
WWGGGWGWGW,10,0.51264
WGGGGWGWWG,10,0.51264
EGGGGWGWGG,10,0.51264
WWGGGWGWGG,10,0.51264
AGGGGWGWWG,10,0.51264
GGGGWGGWWP,10,0.51264
GGGGGWGWGE,10,0.51264
WGGGWGGWGP,10,0.51264
WGGGWGGWGD,10,0.51264
WGGGGWGWGW,10,0.51264
EGGGWGGWGG,10,0.51264
KWGGGWGWGG,10,0.51264
WWGGWGGWGP,10,0.51264
GGGGWGGWGM,10,0.51264
WGGGWGGWWE,10,0.51264
PGGGWGGWGW,10,0.51264
AGGGGWGWGW,10,0.51264
WGGGWGGWGM,10,0.51264
WWGGWGGWGE,10,0.51264
EGGGWGGWGR,10,0.51264
WWGGGWGWRP,10,0.51264
WWGGGWGWGR,10,0.51264
WGGGWGGWWG,10,0.51264
HGGGWGGWGG,10,0.51264
GWGGGWGWGP,10,0.51264
WGGGGWGWGR,10,0.51264
GWGGWGGWWW,10,0.51264
WGGGGWGWGE,10,0.51264
GGGGWGGWWG,10,0.51264
DGGGGGWWWW,10,0.50655
WGGGGGWWGG,10,0.50655
WWGGGGWWGG,10,0.50655
GGGGGGWWWW,10,0.50655
DGGGGGWWGW,10,0.50655
WWGGGGWWWG,10,0.50655
WGGGGGWWGP,10,0.50655
GGGGGGWWGD,10,0.50655
GGGGGGWWGG,10,0.50655
GWGGGGWWGE,10,0.50655
WEGGGGWWGW,10,0.50655
GWGGGGWWGP,10,0.50655
WWGGGGWWGW,10,0.50655
WGGGGGWWEW,10,0.50655
WGGGGGWWGM,10,0.50655
GWGGGGWWGG,10,0.50655
GGGGGGWWGW,10,0.50655
WGGGGGWWGW,10,0.50655
WWGGGGWWGP,10,0.50655
WGGGGGWWGD,10,0.50655
PGGGGGWWGG,10,0.50655
GWGGGGWWGM,10,0.50655
AWGGGGWWWM,10,0.50655
GEGWGWGPGG,10,0.50513
GGGWGGWPGW,10,0.49904
WGPGWGGWGW,10,0.49804
WGGGGWWGG,9,0.49335
WGWGGGWWG,9,0.48726
WGWWGEGGGG,10,0.48579
GGGPWGWGGG,10,0.48565
WGWGGWEGWW,10,0.47755
WGWWGGGEGW,10,0.47719
WWGWGGEGPG,10,0.42274
GWWGGWGVGG,10,0.42144
WGWWGGGGGH,10,0.42129
RGWWGGGGGG,10,0.42129
WGWWGGGGGM,10,0.42129
GGWWGGGGGG,10,0.42129
GGWWGGGGGP,10,0.42129
WGWWGGGGWG,10,0.42129
GGWWGGGGPP,10,0.42129
GWWWGGGGGG,10,0.42129
WGWWGGGGGG,10,0.42129
WGWWGGGGGW,10,0.42129
WGWWGGGGGE,10,0.42129
HGWWGGGGWG,10,0.42129
WWWWGGGGGG,10,0.42129
WGWWGGGGGR,10,0.42129
GWWWGGGGGW,10,0.42129
WWWWGGGGPW,10,0.42129
WEWWGGGGGE,10,0.42129
WWWWGGGGWG,10,0.42129
GGWWGGGGGD,10,0.42129
GWWWGGGGWG,10,0.42129
KGWWGGGGGG,10,0.42129
GGWWGGGGWP,10,0.42129
WWWWGGGGGW,10,0.42129
GWWWGGGGGP,10,0.42129
GGWWGGGGWG,10,0.42129
GGWWGGGGWE,10,0.42129
AGWWGGGGGE,10,0.42129
GGWWGGGGWW,10,0.42129
GGWWGGGGGE,10,0.42129
GGWWGGGGDW,10,0.42129
AGWWGGGGGG,10,0.42129
GGWWGGGGED,10,0.42129
KGWWGGGGGE,10,0.42129
AWWWGGGGWG,10,0.42129
GGWWGGGGWH,10,0.42129
WGWWGGGGGD,10,0.42129
GGWWGGGGGH,10,0.42129
AGWWGGGGGP,10,0.42129
GGWWGGGGGW,10,0.42129
AEWWGGGGGG,10,0.42129
WGWWGGGGGP,10,0.42129
EHWWGGGGGG,10,0.42129
GGWWGGGGDP,10,0.42129
PGGEGWGGGG,10,0.42095
GGGEGWGGGG,10,0.42095
GGGEGWGGWG,10,0.42095
GWGGWEGGGG,10,0.4188
WGGGWEGGGG,10,0.4188
GGGWGGGEGP,10,0.41629
WGWGGWGGGW,10,0.4152
GGWGGWGGGW,10,0.4152
GGWGWGGGGG,10,0.4152
GGWGGWGGGG,10,0.4152
WGWGGWGGGG,10,0.4152
GGWGWGGGGP,10,0.4152
GGWGGWGGWG,10,0.4152
WWWGGWGGDW,10,0.4152
WGWGWGGGGG,10,0.4152
EGWGWGGGPA,10,0.4152
IGWGGWGGWG,10,0.4152
AWWGWGGGGG,10,0.4152
WWWGGWGGWG,10,0.4152
WGWGGWGGGP,10,0.4152
GWWGGWGGGG,10,0.4152
WWWGWGGGEG,10,0.4152
WWWGWGGGGG,10,0.4152
GWWGWGGGGG,10,0.4152
GGWGWGGGPG,10,0.4152
GGWGWGGGGW,10,0.4152
WGWGWGGGWG,10,0.4152
WWWGGWGGGG,10,0.4152
GGWGGWGGGD,10,0.4152
GWWGGWGGGW,10,0.4152
RWWGGWGGGG,10,0.4152
EGWGGWGGGP,10,0.4152
AGWGGWGGGW,10,0.4152
CGWGGWGGWG,10,0.4152
WGWGGWGGGA,10,0.4152
WWWGGWGGWP,10,0.4152
WGWGGWGGWW,10,0.4152
RWWGWGGGGG,10,0.4152
HGWGGWGGGG,10,0.4152
DWWGGWGGWD,10,0.4152
EGWGWGGGGG,10,0.4152
WGWGGWGGWG,10,0.4152
WGWGWGGGGW,10,0.4152
GGWGWGGGWG,10,0.4152
WGWGGWGGGD,10,0.4152
GGWGWGGGGE,10,0.4152
GWWGWGGGGE,10,0.4152
NGWGGWGGGW,10,0.4152
GMWGGWGGGG,10,0.4152
EGWGGWGGGG,10,0.4152
GGWGWGGGWP,10,0.4152
GGWGGWGGGP,10,0.4152
GAWGWGGGGG,10,0.4152
WWWGWGGGDG,10,0.4152
WWWGWGGGGE,10,0.4152
WGWGWGGGGA,10,0.4152
WGWGWGGGGE,10,0.4152
WWWGWGGGGW,10,0.4152
GGWGGWGGPA,10,0.4152
PGWGGWGGGG,10,0.4152
GWWGGWGGWW,10,0.4152
PGWGGWGGGW,10,0.4152
MGWGWGGGGG,10,0.4152
WGWGWGGGGP,10,0.4152
GGWGWGGGWW,10,0.4152
WWWGWGGGGP,10,0.4152
GWWGGWGGEG,10,0.4152
GGWGGWGGGE,10,0.4152
GWWGGWGGWG,10,0.4152
WEWGGWGGGG,10,0.4152
PWWGGWGGGG,10,0.4152
GGWGWGGGGR,10,0.4152
WGWGWGGGWW,10,0.4152
WGWGGWGGGM,10,0.4152
EWWGWGGGGW,10,0.4152
WGWGWGGGWD,10,0.4152
VGWGWGGGGG,10,0.4152
GGWGWGGGEP,10,0.4152
GWWGWGGGGK,10,0.4152
GGGEGGWGGG,10,0.41486
WGGGEGWGWW,10,0.41271
GGGGGWGEGE,10,0.4102
GGWGGGWGGG,10,0.40911
GGWGGGWGGP,10,0.40911
WWWGGGWGWG,10,0.40911
GGWGGGWGGH,10,0.40911
WGWGGGWGGM,10,0.40911
GWWGGGWGGG,10,0.40911
WWWGGGWGGG,10,0.40911
GWWGGGWGGW,10,0.40911
WWWGGGWGGM,10,0.40911
WGWGGGWGGG,10,0.40911
WGWGGGWGWG,10,0.40911
GGWGGGWGGE,10,0.40911
GWWGGGWGGR,10,0.40911
GGWGGGWGWW,10,0.40911
GWWGGGWGGE,10,0.40911
HWWGGGWGGG,10,0.40911
WWWGGGWGEG,10,0.40911
GGWGGGWGWG,10,0.40911
GWWGGGWGWG,10,0.40911
GWWGGGWGGP,10,0.40911
GGWGGGWGGW,10,0.40911
EWWGGGWGWW,10,0.40911
GGWGGGWGWS,10,0.40911
EGWGGGWGWG,10,0.40911
PWWGGGWGGE,10,0.40911
DWWGGGWGGG,10,0.40911
EGWGGGWGGG,10,0.40911
WWWGGGWGGW,10,0.40911
WGWGGGWGGE,10,0.40911
GGWGGGWGGK,10,0.40911
GEWGGGWGGM,10,0.40911
GGWGGGWGGD,10,0.40911
EWWGGGWGGM,10,0.40911
WGWGGGWGGK,10,0.40911
WGWGGGWGGP,10,0.40911
WGWGGGWGGW,10,0.40911
PGWGGGWGGG,10,0.40911
WWWGGGWGWW,10,0.40911
WWWGGGWGGP,10,0.40911
SWWGGGWGGW,10,0.40911
WGWGGGWGGS,10,0.40911
RGWGGGWGGG,10,0.40911
WWWWGGGGG,9,0.40809
WGGGGGWEDG,10,0.40411
WGWGDWGGGW,10,0.4038
GWWGWGGGG,9,0.402
GWGEGGGWWG,10,0.39659
GWGGGEGWGG,10,0.39444
GWGGEGGWGG,10,0.39444
GGGGGGEWGG,10,0.39229
GWWGGGGWGS,10,0.39084
WGWGGGGWGG,10,0.39084
MWWGGGGWGG,10,0.39084
WGWGGGGWWG,10,0.39084
GGWGGGGWGD,10,0.39084
WGWGGGGWMG,10,0.39084
WGWGGGGWGP,10,0.39084
WGWGGGGWGD,10,0.39084
GGWGGGGWGE,10,0.39084
GWWGGGGWGV,10,0.39084
GGWGGGGWWG,10,0.39084
GWWGGGGWGG,10,0.39084
WPWGGGGWGG,10,0.39084
WGWGGGGWGW,10,0.39084
GGWGGGGWGG,10,0.39084
WWWGGGGWGG,10,0.39084
GWWGGGGWGW,10,0.39084
WGWGGGGWGE,10,0.39084
GGWGGGGWGW,10,0.39084
AGWGGGGWGG,10,0.39084
WGWGGGGWAG,10,0.39084
WMWGGGGWWG,10,0.39084
GAWGGGGWWG,10,0.39084
GEWGGGGWGG,10,0.39084
PWWGGGGWWE,10,0.39084
WGWGGGGWGM,10,0.39084
WWWGGGGWWG,10,0.39084
GGWGGGGWGT,10,0.39084
HGWGGGGWGW,10,0.39084
GWWGGGGWEG,10,0.39084
WWWGGGGWGP,10,0.39084
GWWGGGGWWG,10,0.39084
GGWGGGGWGK,10,0.39084
DGWGGGGWEP,10,0.39084
GGEWGGGGWG,10,0.38189
WGEGWGGGGG,10,0.3758
GWEGGWGGGP,10,0.3758
GGGGGWGEW,9,0.37371
WWEGGGWGGG,10,0.36971
GGGWGGGGGG,10,0.36039
GWGWGGGGGE,10,0.36039
WGGWGGGGGE,10,0.36039
WWGWGGGGGG,10,0.36039
WGGWGGGGGG,10,0.36039
GGGWGGGGGP,10,0.36039
GWGWGGGGGG,10,0.36039
WWGWGGGGGW,10,0.36039
GGGWGGGGPG,10,0.36039
PGGWGGGGGW,10,0.36039
AGGWGGGGGG,10,0.36039
GWGWGGGGWG,10,0.36039
PGGWGGGGGG,10,0.36039
GGGWGGGGGW,10,0.36039
WWGWGGGGGP,10,0.36039
WGGWGGGGGW,10,0.36039
GGGWGGGGGD,10,0.36039
WWGWGGGGWW,10,0.36039
WGGWGGGGWG,10,0.36039
GWGWGGGGGP,10,0.36039
WGGWGGGGGD,10,0.36039
GGGWGGGGGF,10,0.36039
KGGWGGGGPG,10,0.36039
CGGWGGGGGP,10,0.36039
WRGWGGGGGW,10,0.36039
WWGWGGGGWG,10,0.36039
WGGWGGGGGI,10,0.36039
EGGWGGGGGG,10,0.36039
GGGWGGGGGR,10,0.36039
GGGWGGGGGE,10,0.36039
GGGWGGGGWG,10,0.36039
PGGWGGGGGE,10,0.36039
EGGWGGGGWG,10,0.36039
WGGWGGGGGP,10,0.36039
GWGWGGGGWW,10,0.36039
WGGWGGGGGM,10,0.36039
DGGWGGGGGL,10,0.36039
TGGWGGGGGW,10,0.36039
MGGWGGGGGG,10,0.36039
GGGWGGGGWE,10,0.36039
HWGWGGGGGG,10,0.36039
WGGWGGGGWW,10,0.36039
GWGWGGGGGW,10,0.36039
RGGWGGGGGP,10,0.36039
GGGWGGGGGA,10,0.36039
WWGWGGGGWP,10,0.36039
PGGWGGGGGP,10,0.36039
RGGWGGGGWG,10,0.36039
DGGWGGGGGG,10,0.36039
EGGWGGGGGD,10,0.36039
WWGWGGGGWD,10,0.36039
GGGWGGGGWA,10,0.36039
HWGWGGGGGW,10,0.36039
EGGWGGGGWE,10,0.36039
RGGWGGGGGW,10,0.36039
GGGWGGGGGM,10,0.36039
FWGWGGGGPW,10,0.36039
SWGWGGGGGG,10,0.36039
WWGWGGGGGR,10,0.36039
WWGWGGGGGD,10,0.36039
GGGWGGGGGS,10,0.36039
GWGWGGGGGA,10,0.36039
EWGWGGGGGG,10,0.36039
WWGWGGGGWE,10,0.36039
WGGWGGGGEW,10,0.36039
WHGWGGGGGG,10,0.36039
EWGWGGGGDG,10,0.36039
DGGWGGGGGW,10,0.36039
GWGWGGGGWA,10,0.36039
EWGWGGGGEG,10,0.36039
GGGWGGGGWW,10,0.36039
PWGWGGGGGG,10,0.36039
WWGWGGGGGA,10,0.36039
MWGWGGGGGW,10,0.36039
GPGWGGGGGD,10,0.36039
WCGWGGGGWP,10,0.36039
AGGWGGGGGW,10,0.36039
GGGWGGGGGQ,10,0.36039
LWGWGGGGGG,10,0.36039
GWGWGGGGWP,10,0.36039
WGGWGGGGWA,10,0.36039
GPGWGGGGGP,10,0.36039
WGGWGGGGWH,10,0.36039
GWGWGGGGGD,10,0.36039
DWGWGGGGGG,10,0.36039
GGGWGGGGGH,10,0.36039
WPGWGGGGGD,10,0.36039
WGGWGGGGWE,10,0.36039
WWGWGGGGGE,10,0.36039
AWGWGGGGGE,10,0.36039
WWGWGGGGGC,10,0.36039
HGDWGGGGGG,10,0.35659
WWGGGWGGGE,10,0.3543
GGGGGWGGWG,10,0.3543
GWGGGWGGGW,10,0.3543
GGGGWGGGGG,10,0.3543
GWGGGWGGWG,10,0.3543
GGGGGWGGGP,10,0.3543
GWGGGWGGGG,10,0.3543
GWGGWGGGGG,10,0.3543
GGGGGWGGGG,10,0.3543
WWGGWGGGWG,10,0.3543
WWGGGWGGGG,10,0.3543
AGGGGWGGGG,10,0.3543
PGGGWGGGWG,10,0.3543
WGGGGWGGWG,10,0.3543
WGGGGWGGGG,10,0.3543
WGGGWGGGGW,10,0.3543
WWGGWGGGGG,10,0.3543
WGGGWGGGGG,10,0.3543
GGGGGWGGGW,10,0.3543
GGGGWGGGWG,10,0.3543
MGGGWGGGGW,10,0.3543
GGGGWGGGGD,10,0.3543
WGGGGWGGGP,10,0.3543
WGGGWGGGGE,10,0.3543
WGGGWGGGGP,10,0.3543
GGGGWGGGWW,10,0.3543
DGGGGWGGGG,10,0.3543
HGGGGWGGGD,10,0.3543
GGGGWGGGPG,10,0.3543
GWGGWGGGGW,10,0.3543
WWGGGWGGGM,10,0.3543
EGGGWGGGWG,10,0.3543
WGGGWGGGEP,10,0.3543
GGGGGWGGGE,10,0.3543
WWGGWGGGGP,10,0.3543
LGGGWGGGGP,10,0.3543
GGGGWGGGGP,10,0.3543
WWGGWGGGGM,10,0.3543
WGGGGWGGGW,10,0.3543
WWGGGWGGGW,10,0.3543
MWGGGWGGGG,10,0.3543
MGGGGWGGWG,10,0.3543
HGGGGWGGGG,10,0.3543
RWGGWGGGGG,10,0.3543
GGGGGWGGGA,10,0.3543
GGGGGWGGWP,10,0.3543
WWGGWGGGGE,10,0.3543
AGGGWGGGGG,10,0.3543
WGGGWGGGWG,10,0.3543
GGGGWGGGGW,10,0.3543
WGGGWGGGGD,10,0.3543
WGGGWGGGWE,10,0.3543
MGGGGWGGGG,10,0.3543
PGGGGWGGGG,10,0.3543
EGGGWGGGGG,10,0.3543
WGGGGWGGAG,10,0.3543
WWGGWGGGCG,10,0.3543
GWGGGWGGGD,10,0.3543
HWGGGWGGWG,10,0.3543
GWGGGWGGGE,10,0.3543
VGGGWGGGGG,10,0.3543
GGGGGWGGWA,10,0.3543
GGGGGWGGGN,10,0.3543
AWGGGWGGGM,10,0.3543
PGGGWGGGWW,10,0.3543
WGGGWGGGEG,10,0.3543
GGGGGWGGPG,10,0.3543
RGGGWGGGGG,10,0.3543
GGGGWGGGGH,10,0.3543
GGGGGWGGEG,10,0.3543
WGGGWGGGGF,10,0.3543
WWGGGWGGWG,10,0.3543
GGGGGWGGRG,10,0.3543
MGGGWGGGWG,10,0.3543
NGGGWGGGGG,10,0.3543
AWGGWGGGGG,10,0.3543
GGGGGWGGWW,10,0.3543
EGGGGWGGGG,10,0.3543
KGGGWGGGGG,10,0.3543
WHGGGWGGGG,10,0.3543
GGGGWGGGGE,10,0.3543
EGGGGWGGWW,10,0.3543
EWGGGWGGGP,10,0.3543
GGGGWGGGWK,10,0.3543
GWGGWGGGGP,10,0.3543
GGGGGWGGGD,10,0.3543
WGGGGWGGWW,10,0.3543
WGGGWGGGPG,10,0.3543
WGGGWGGGGA,10,0.3543
GWGGWGGGGK,10,0.3543
EWGGWGGGGG,10,0.3543
DWGGGWGGGG,10,0.3543
WGGGGWGGGD,10,0.3543
WWGGWGGGGW,10,0.3543
GWGGWGGGMG,10,0.3543
PGGGWGGGGG,10,0.3543
GWGGWGGGGE,10,0.3543
WWGGWGGGDG,10,0.3543
CGGGWGGGWG,10,0.3543
GWGGGWGGWW,10,0.3543
CGGGGWGGGG,10,0.3543
WGGGGWGGPD,10,0.3543
WPGGWGGGGP,10,0.3543
GWGGGWGGGM,10,0.3543
PWGGWGGGGG,10,0.3543
GWGGGWGGGP,10,0.3543
EGGGGWGGGW,10,0.3543
AGGGGWGGGP,10,0.3543
WWGGGWGGWE,10,0.3543
SGGGWGGGGG,10,0.3543
RWGGGWGGGG,10,0.3543
GWGGWGGGWW,10,0.3543
GGGGWGGGWP,10,0.3543
WGGGGWGGGM,10,0.3543
DGGGWGGGGG,10,0.3543
EGGGGWGGGK,10,0.3543
GDGGGWGGWG,10,0.3543
WGGGGWGGGE,10,0.3543
WWGGWGGGGF,10,0.3543
WGGGWGGGGK,10,0.3543
GEGGGWGGGG,10,0.3543
AGGGGWGGGW,10,0.3543
WWGGWGGGWP,10,0.3543
MGGGWGGGEP,10,0.3543
EWGGWGGGGP,10,0.3543
IGGGGWGGGG,10,0.3543
WGGGGWGGGC,10,0.3543
GWGGWGGGWG,10,0.3543
EGGGWGGGGW,10,0.3543
AWGGWGGGGW,10,0.3543
HWGGWGGGGG,10,0.3543
GWGGWGGGGD,10,0.3543
GGGGWGGGGR,10,0.3543
EGGGWGGGGD,10,0.3543
PWGGGWGGGG,10,0.3543
NGGGWGGGGA,10,0.3543
DGGGWGGGGM,10,0.3543
WPGGWGGGGG,10,0.3543
DGGGWGGGGW,10,0.3543
GMGGWGGGGG,10,0.3543
AGGGWGGGWG,10,0.3543
MGGGGWGGDG,10,0.3543
WGGGWGGGGR,10,0.3543
GGGGGWGGPW,10,0.3543
RGGGWGGGGW,10,0.3543
PGGGWGGGGP,10,0.3543
GWGGGWGGGK,10,0.3543
WGGGGWGGGF,10,0.3543
QGGGWGGGGG,10,0.3543
GGGGWGGGWA,10,0.3543
GGGGWGGGGA,10,0.3543
PWGGGWGGGE,10,0.3543
FGGGGWGGGG,10,0.3543
GWGGGWGGGH,10,0.3543
WWGGWGGGGD,10,0.3543
YGGGWGGGWW,10,0.3543
DWGGWGGGGG,10,0.3543
AWGGWGGGGD,10,0.3543
WGGGWGGGWP,10,0.3543
WGGGWGGGPE,10,0.3543
MWGGWGGGGG,10,0.3543
WGGGWGGGWR,10,0.3543
GEGGWGGGGG,10,0.3543
GWGGWGGGWE,10,0.3543
MWGGGWGGGW,10,0.3543
PGGGWGGGGW,10,0.3543
GGGGGWGGWE,10,0.3543
RGGGGWGGGG,10,0.3543
CGGGGWGGGW,10,0.3543
GGGGGWGGDW,10,0.3543
EGGGGWGGGH,10,0.3543
WGGGGWGGGR,10,0.3543
WPGGWGGGWG,10,0.3543
GHGGGWGGWE,10,0.3543
GGGGWGGGGV,10,0.3543
GPGGGWGGGW,10,0.3543
WGEGGGGWGG,10,0.35144
WWEGGGGWGG,10,0.35144
WGGWGGGDGD,10,0.35051
DGWGGGPWGG,10,0.3485
WGGGGGWGGG,10,0.34821
GGGGGGWGGG,10,0.34821
WWGGGGWGGG,10,0.34821
GGGGGGWGGW,10,0.34821
WEGGGGWGGG,10,0.34821
GWGGGGWGGG,10,0.34821
GEGGGGWGGG,10,0.34821
WGGGGGWGWG,10,0.34821
WGGGGGWGGW,10,0.34821
AGGGGGWGWG,10,0.34821
WWGGGGWGWG,10,0.34821
GWGGGGWGGW,10,0.34821
MGGGGGWGGG,10,0.34821
GWGGGGWGWP,10,0.34821
EGGGGGWGGG,10,0.34821
WWGGGGWGGP,10,0.34821
EWGGGGWGWG,10,0.34821
GWGGGGWGWG,10,0.34821
WGGGGGWGGA,10,0.34821
CGGGGGWGGG,10,0.34821
GWGGGGWGGE,10,0.34821
GGGGGGWGGE,10,0.34821
GGGGGGWGWG,10,0.34821
GWGGGGWGGP,10,0.34821
MGGGGGWGWG,10,0.34821
GWGGGGWGEG,10,0.34821
WPGGGGWGGG,10,0.34821
GGGGGGWGGP,10,0.34821
GMGGGGWGGG,10,0.34821
WWGGGGWGGW,10,0.34821
WWGGGGWGGE,10,0.34821
MGGGGGWGGP,10,0.34821
WGGGGGWGGH,10,0.34821
CWGGGGWGGW,10,0.34821
WRGGGGWGGG,10,0.34821
WWGGGGWGWW,10,0.34821
PGGGGGWGWG,10,0.34821
WGGGGGWGGP,10,0.34821
SWGGGGWGGG,10,0.34821
WGGGGGWGGE,10,0.34821
GGGGGGWGGA,10,0.34821
DWGGGGWGGG,10,0.34821
WGGGGGWGWH,10,0.34821
GWGGGGWGGD,10,0.34821
WGGGGGWGWP,10,0.34821
WWGGGGWGPG,10,0.34821
PGGGGGWGGG,10,0.34821
RGGGGGWGGG,10,0.34821
GGGGGGWGGM,10,0.34821
HGGGGGWGEG,10,0.34821
NGGGGGWGGG,10,0.34821
WGGGGGWGWW,10,0.34821
AWGGGGWGGG,10,0.34821
GGGGGGWGGD,10,0.34821
WGGGGGWGGD,10,0.34821
PGGGGGWGGE,10,0.34821
WGGGGGWGGQ,10,0.34821
GWGGGGWGWN,10,0.34821
GGGGGGWGGC,10,0.34821
GPGGGGWGGG,10,0.34821
HGGGGGWGGG,10,0.34821
WWGGGGWGGF,10,0.34821
GWGGGGWGAG,10,0.34821
GGGGGGWGWW,10,0.34821
EWGGGGWGGW,10,0.34821
DWGGGGWGWG,10,0.34821
EWGGGGWGGG,10,0.34821
WGGGGGWGWD,10,0.34821
CGGGGGWGWG,10,0.34821
WWGGGGWGGR,10,0.34821
DGGGGGWGGG,10,0.34821
GWGGGGWGGY,10,0.34821
WDGGGGWGGW,10,0.34821
GWGGGGWGWM,10,0.34821
EGGGGGWGGW,10,0.34821
WGGGGGWGEE,10,0.34821
FRGGGGWGGW,10,0.34821
GWGGGGWGGA,10,0.34821
GWGGGGWGWW,10,0.34821
WWGGGGWGGH,10,0.34821
PWGGGGWGWW,10,0.34821
VGGGGGWGWG,10,0.34821
GGGGGGWGWP,10,0.34821
GWGGGGWGWD,10,0.34821
WWGWGGGGG,9,0.34719
AGGWGGGGG,9,0.34719
GWGWGGGGG,9,0.34719
GGGGGWGDGW,10,0.34442
AGGGWDGGGG,10,0.3429
GGGGWGGGG,9,0.3411
WGPGWGGGGG,10,0.3397
WGGGGWGGG,9,0.33501
GGGGGWGGG,9,0.33501
GGGGGWGGP,9,0.33501
WGPGGGWGGG,10,0.33361
GGPGGGWGGP,10,0.33361
GGGGGGGWGG,10,0.32994
WGGGGGGWGG,10,0.32994
WGGGGGGWGE,10,0.32994
MWGGGGGWGW,10,0.32994
WGGGGGGWWW,10,0.32994
KGGGGGGWGG,10,0.32994
WWGGGGGWGG,10,0.32994
GGGGGGGWGW,10,0.32994
WWGGGGGWWP,10,0.32994
GGGGGGGWGP,10,0.32994
SGGGGGGWGG,10,0.32994
GWGGGGGWGG,10,0.32994
WGGGGGGWGW,10,0.32994
GGGGGGGWWG,10,0.32994
WDGGGGGWGE,10,0.32994
GPGGGGGWGG,10,0.32994
DGGGGGGWGG,10,0.32994
GWGGGGGWWG,10,0.32994
GWGGGGGWGW,10,0.32994
WGGGGGGWWG,10,0.32994
EGGGGGGWGG,10,0.32994
GGGGGGGWGE,10,0.32994
WGGGGGGWGD,10,0.32994
WWGGGGGWGP,10,0.32994
WWGGGGGWGS,10,0.32994
GGGGGGGWDW,10,0.32994
WWGGGGGWWG,10,0.32994
GGGGGGGWGD,10,0.32994
RGGGGGGWPD,10,0.32994
GGGGGGGWGK,10,0.32994
GGGGGGGWWD,10,0.32994
RGGGGGGWGG,10,0.32994
GEGGGGGWGG,10,0.32994
WGGGGGGWGH,10,0.32994
WGGGGGGWGP,10,0.32994
EWGGGGGWWW,10,0.32994
GGGGGGGWWP,10,0.32994
WGGGGGGWWE,10,0.32994
EGGGGGGWGW,10,0.32994
GPGGGGGWWD,10,0.32994
GWGGGGGWGE,10,0.32994
RWGGGGGWGG,10,0.32994
GWGGGGGWGP,10,0.32994
GGGGGGGWGR,10,0.32994
IGGGGGGWGP,10,0.32994
WWGGGGGWWW,10,0.32994
GWGGGGGWGM,10,0.32994
SGGGGGGWGP,10,0.32994
AGGGGGGWGW,10,0.32994
MGGGGGGWGE,10,0.32994
WGGGGGGWEG,10,0.32994
GWGGGGGWGA,10,0.32994
WWGGGGGWGE,10,0.32994
WWGGGGGWGD,10,0.32994
WWGGGGGWGW,10,0.32994
GWGGGGGWGD,10,0.32994
PWGGGGGWGG,10,0.32994
WGGGGGGWMG,10,0.32994
WGGGGGGWGT,10,0.32994
WGGGGGGWGR,10,0.32994
WWGGGGGWGR,10,0.32994
MWGGGGGWGG,10,0.32994
WGGGGGGWEW,10,0.32994
GGGGGGGWRW,10,0.32994
MWGGGGGWGA,10,0.32994
WWGGGGGWGC,10,0.32994
MGGGGGGWGD,10,0.32994
GGGGGGGWGM,10,0.32994
PGGGGGGWGG,10,0.32994
EGGGGGGWGP,10,0.32994
GGGGGGGWGH,10,0.32994
AGGGGGGWGG,10,0.32994
GWGGGGGWGR,10,0.32994
DGGGGGGWWG,10,0.32994
GPGGGGGWWG,10,0.32994
WEGGGGGWGW,10,0.32994
KPGGGGGWGD,10,0.32994
WWGGGGGWGA,10,0.32994
WPGGGGGWGW,10,0.32994
GGGGGGGWPG,10,0.32994
PWGGGGGWWG,10,0.32994
GGGGGGGWGC,10,0.32994
GGGGGGGWWW,10,0.32994
PWGGGGGWGE,10,0.32994
WGGGGGGWWP,10,0.32994
HGGGGGGWGG,10,0.32994
RWGGGGGWWP,10,0.32994
GWGGGGGWEG,10,0.32994
MGGGGGGWGG,10,0.32994
WGGGGGDWGG,10,0.31892
WGGWPGGGGG,10,0.31659
HWGWPGGGGG,10,0.31659
GWGGGWGPGG,10,0.31634
GGGGWGGPGM,10,0.31634
GGGGGWGPGP,10,0.31634
GWPGGGGWWG,10,0.31534
WGGPGWGGGG,10,0.30904
GGGPGGWGGE,10,0.30295
GGWEGGGGWA,10,0.29915
WWWEGGGGGW,10,0.29915
AGWEGGGGGG,10,0.29915
GGWGGEGGGG,10,0.297
GGWGGGEGGG,10,0.29485
GWWGGGEGGG,10,0.29485
WGWGGGEGGG,10,0.29485
PWWGGGGEGG,10,0.2884
DEWGGGGEGP,10,0.2884
GWWGGGGEGM,10,0.2884
WGGGGPGWGP,10,0.28614
GGGGGGGWG,9,0.26802
WGGGGGGWG,9,0.26802
GWGEGGGGGG,10,0.23825
GGGEGGGGGW,10,0.23825
GWGEGGGGGW,10,0.23825
WWGEGGGGGG,10,0.23825
GGGEGGGGWG,10,0.23825
WGGGEGGGGG,10,0.2361
GWGGGEGGGG,10,0.2361
EWGGGEGGGG,10,0.2361
GGGGEGGGWE,10,0.2361
WGGGGEGGGH,10,0.2361
WGGGGEGGWV,10,0.2361
EGGGGGEGGG,10,0.23395
GGGGGGEGGG,10,0.23395
WWGGGGEGGG,10,0.23395
GWGGGGEGGG,10,0.23395
AGGGGGEGGG,10,0.23395
WGGGGGEGGG,10,0.23395
WWWGGGGGGW,10,0.2325
WGWGGGGGGW,10,0.2325
GWWGGGGGGG,10,0.2325
WWWGGGGGGG,10,0.2325
GGWGGGGGGW,10,0.2325
WGWGGGGGGG,10,0.2325
EWWGGGGGWD,10,0.2325
GGWGGGGGWG,10,0.2325
GGWGGGGGGG,10,0.2325
KGWGGGGGGD,10,0.2325
PGWGGGGGGG,10,0.2325
GWWGGGGGGE,10,0.2325
GWWGGGGGGW,10,0.2325
WGWGGGGGGP,10,0.2325
GWWGGGGGGP,10,0.2325
WDWGGGGGGG,10,0.2325
WWWGGGGGWG,10,0.2325
WGWGGGGGGD,10,0.2325
GGWGGGGGEG,10,0.2325
QGWGGGGGGG,10,0.2325
WGWGGGGGWW,10,0.2325
GWWGGGGGWG,10,0.2325
WEWGGGGGWG,10,0.2325
EGWGGGGGGG,10,0.2325
WWWGGGGGGE,10,0.2325
VGWGGGGGWP,10,0.2325
WGWGGGGGGK,10,0.2325
WWWGGGGGWD,10,0.2325
DGWGGGGGGG,10,0.2325
WGWGGGGGWG,10,0.2325
GGWGGGGGGP,10,0.2325
MGWGGGGGGG,10,0.2325
GWWGGGGGGA,10,0.2325
HGWGGGGGWW,10,0.2325
GGWGGGGGGE,10,0.2325
WGWGGGGGWP,10,0.2325
GWWGGGGGGV,10,0.2325
AWWGGGGGGG,10,0.2325
GGWGGGGGGD,10,0.2325
EWWGGGGGGG,10,0.2325
DGWGGGGGGW,10,0.2325
NGWGGGGGGG,10,0.2325
PWWGGGGGWW,10,0.2325
EGWGGGGGWG,10,0.2325
WWWGGGGGGP,10,0.2325
WGWGGGGGGM,10,0.2325
GGWGGGGGGF,10,0.2325
WWWGGGGGWE,10,0.2325
MGWGGGGGGW,10,0.2325
GGWGGGGGWP,10,0.2325
GGWGGGGGGH,10,0.2325
GWWGGGGGGD,10,0.2325
KGWGGGGGGG,10,0.2325
QWWGGGGGGW,10,0.2325
WLWGGGGGGG,10,0.2325
HWWGGGGGGG,10,0.2325
WWWGGGGGWP,10,0.2325
MWWGGGGGGG,10,0.2325
WGWGGGGGGE,10,0.2325
DWWGGGGGPG,10,0.2325
NWWGGGGGAD,10,0.2325
WEWGGGGGGP,10,0.2325
GGWGGGGGWF,10,0.2325
WEWGGGGGGG,10,0.2325
GGWGGGGGHG,10,0.2325
WGWGGGGGGT,10,0.2325
WGWGGGGGWE,10,0.2325
GGWGGGGGWW,10,0.2325
AGWGGGGGGG,10,0.2325
WWWGGGGGAG,10,0.2325
CGWGGGGGWG,10,0.2325
LGWGGGGGGG,10,0.2325
GGWGGGGGGI,10,0.2325
PWWGGGGGGG,10,0.2325
RGWGGGGGWG,10,0.2325
GGWGGGGGWD,10,0.2325
GGWGGGGGGN,10,0.2325
WWWGGGGGPG,10,0.2325
CGWGGGGGGG,10,0.2325
WWWGGGGGGR,10,0.2325
GGWGGGGGDW,10,0.2325
WGWGGGGGEG,10,0.2325
RWWGGGGGGG,10,0.2325
GGWGGGGGGT,10,0.2325
PWWGGGGGGW,10,0.2325
GDWGGGGGGG,10,0.2325
HGWGGGGGGE,10,0.2325
GWWGGGGGGR,10,0.2325
WPWGGGGGGW,10,0.2325
WGWGGGGGEW,10,0.2325
GGWGGGGGWE,10,0.2325
YGWGGGGGGP,10,0.2325
GWWGGGGGGM,10,0.2325
WWWGGGGGWW,10,0.2325
GPWGGGGGGG,10,0.2325
PGWGGGGGGW,10,0.2325
GGWGGGGGGR,10,0.2325
WWWGGGGGGM,10,0.2325
KWWGGGGGGG,10,0.2325
GGWGGGGGGA,10,0.2325
RGWGGGGGGG,10,0.2325
HGWGGGGGGG,10,0.2325
GGWGGGGGPG,10,0.2325
TWWGGGGGGG,10,0.2325
LWWGGGGGGG,10,0.2325
GGWGGGGGPW,10,0.2325
GWWGGGGGGK,10,0.2325
WGWGGGGGGA,10,0.2325
DWWGGGGGGG,10,0.2325
EGWGGGGGGP,10,0.2325
GAWGGGGGGG,10,0.2325
AGWGGGGGWG,10,0.2325
AWWGGGGGGD,10,0.2325
GGWGGGGGGS,10,0.2325
WWWGGGGGGA,10,0.2325
GGGGGGGEGG,10,0.2275
WGGGGGGEGG,10,0.2275
WGGGGGGEGW,10,0.2275
GGGGGGGEGA,10,0.2275
WGGGGGGEGE,10,0.2275
GGWGGGGGG,9,0.2193
WGWGGGGGG,9,0.2193
GGGGGGGEG,9,0.1971
QGWGGGGPGD,10,0.19454
GGEGGGGGWG,10,0.1931
DWEGGGGGGG,10,0.1931
GWEGGGGGGG,10,0.1931
WGEGGGGGGG,10,0.1931
GGEGGGGGWM,10,0.1931
WGEGGGGGGD,10,0.1931
WGEGGGGGWG,10,0.1931
GGWGGGPGGW,10,0.19016
WGWGGGPGGW,10,0.19016
GGWGPGGGGG,10,0.1887
GGWGGPGGGG,10,0.1887
WWWGGPGGGG,10,0.1887
GGWGPGGGGW,10,0.1887
WGGAGGGGGG,10,0.17687
WWGGAGGGGG,10,0.1767
GGGGAGGGGP,10,0.1767
WGGGGGGAGG,10,0.17602
PGGGGGGGGG,10,0.1716
WPGGGGGGGG,10,0.1716
CGGGGGGGGG,10,0.1716
GGGGGGGGEG,10,0.1716
WGGGGGGGGG,10,0.1716
GGGGGGGGGW,10,0.1716
WWGGGGGGGG,10,0.1716
GGGGGGGGGG,10,0.1716
GWGGGGGGGG,10,0.1716
GGGGGGGGGE,10,0.1716
WWGGGGGGGP,10,0.1716
EGGGGGGGGW,10,0.1716
WWGGGGGGWG,10,0.1716
GGGGGGGGGR,10,0.1716
GGGGGGGGWW,10,0.1716
WGGGGGGGGW,10,0.1716
EWGGGGGGGG,10,0.1716
EGGGGGGGGG,10,0.1716
GGGGGGGGGP,10,0.1716
GWGGGGGGWG,10,0.1716
WGGGGGGGWG,10,0.1716
WGGGGGGGGP,10,0.1716
WGGGGGGGPG,10,0.1716
WGGGGGGGGD,10,0.1716
WGGGGGGGWE,10,0.1716
GWGGGGGGGW,10,0.1716
WGGGGGGGGE,10,0.1716
FGGGGGGGWF,10,0.1716
EWGGGGGGWG,10,0.1716
WWGGGGGGWE,10,0.1716
GGGGGGGGWG,10,0.1716
WWGGGGGGGW,10,0.1716
RWGGGGGGGG,10,0.1716
HGGGGGGGGA,10,0.1716
GWGGGGGGGP,10,0.1716
WGGGGGGGGQ,10,0.1716
WGGGGGGGWW,10,0.1716
GGGGGGGGGL,10,0.1716
CGGGGGGGGE,10,0.1716
VGGGGGGGGG,10,0.1716
KGGGGGGGGG,10,0.1716
WGGGGGGGGM,10,0.1716
PGGGGGGGWG,10,0.1716
WGGGGGGGGC,10,0.1716
MGGGGGGGGG,10,0.1716
AGGGGGGGGG,10,0.1716
WWGGGGGGGC,10,0.1716
NGGGGGGGGD,10,0.1716
GEGGGGGGWG,10,0.1716
WWGGGGGGGD,10,0.1716
PWGGGGGGGG,10,0.1716
WGGGGGGGGR,10,0.1716
GWGGGGGGGD,10,0.1716
WGGGGGGGGH,10,0.1716
GGGGGGGGEW,10,0.1716
WWGGGGGGWW,10,0.1716
PGGGGGGGGP,10,0.1716
GWGGGGGGGE,10,0.1716
GGGGGGGGWA,10,0.1716
GEGGGGGGGG,10,0.1716
DGGGGGGGWW,10,0.1716
RGGGGGGGWW,10,0.1716
GGGGGGGGGV,10,0.1716
PWGGGGGGGW,10,0.1716
RGGGGGGGWG,10,0.1716
HGGGGGGGGG,10,0.1716
GGGGGGGGPD,10,0.1716
GGGGGGGGGM,10,0.1716
CGGGGGGGWG,10,0.1716
GGGGGGGGPK,10,0.1716
GWGGGGGGGR,10,0.1716
SWGGGGGGGG,10,0.1716
EGGGGGGGGE,10,0.1716
MGGGGGGGGE,10,0.1716
DGGGGGGGGG,10,0.1716
WGGGGGGGWA,10,0.1716
AGGGGGGGWG,10,0.1716
GGGGGGGGDW,10,0.1716
GWGGGGGGGA,10,0.1716
WGGGGGGGGI,10,0.1716
GGGGGGGGGT,10,0.1716
WGGGGGGGGA,10,0.1716
GGGGGGGGGK,10,0.1716
WEGGGGGGGG,10,0.1716
GGGGGGGGGA,10,0.1716
GWGGGGGGWE,10,0.1716
GWGGGGGGWA,10,0.1716
GNGGGGGGGG,10,0.1716
WWGGGGGGPG,10,0.1716
WDGGGGGGGG,10,0.1716
RGGGGGGGGG,10,0.1716
GGGGGGGGDG,10,0.1716
GGGGGGGGGH,10,0.1716
LGGGGGGGGG,10,0.1716
CWGGGGGGGG,10,0.1716
PGGGGGGGGW,10,0.1716
KWGGGGGGGG,10,0.1716
LGGGGGGGGW,10,0.1716
DGGGGGGGWG,10,0.1716
GGGGGGGGGD,10,0.1716
AWGGGGGGGG,10,0.1716
EGGGGGGGWE,10,0.1716
WWGGGGGGGR,10,0.1716
GGGGGGGGWD,10,0.1716
GWGGGGGGWW,10,0.1716
NWGGGGGGGG,10,0.1716
WGGGGGGGWM,10,0.1716
RGGGGGGGGK,10,0.1716
DWGGGGGGGG,10,0.1716
CGGGGGGGGW,10,0.1716
WEGGGGGGWG,10,0.1716
AWGGGGGGGW,10,0.1716
WGGGGGGGWP,10,0.1716
GGGGGGGGWP,10,0.1716
GWGGGGGGWP,10,0.1716
GWGGGGGGGT,10,0.1716
PWGGGGGGWG,10,0.1716
EEGGGGGGGG,10,0.1716
WWGGGGGGGE,10,0.1716
WGGGGGGGEW,10,0.1716
GWGGGGGGGC,10,0.1716
WEGGGGGGGW,10,0.1716
GPGGGGGGGG,10,0.1716
WWGGGGGGWM,10,0.1716
WGGGGGGGDG,10,0.1716
HWGGGGGGGG,10,0.1716
WGGGGGGGEG,10,0.1716
PGGGGGGGPG,10,0.1716
GWGGGGGGGM,10,0.1716
EGGGGGGGWG,10,0.1716
RGGGGGGGGP,10,0.1716
GDGGGGGGGD,10,0.1716
MWGGGGGGGG,10,0.1716
DGGGGGGGGD,10,0.1716
AGGGGGGGWW,10,0.1716
GKGGGGGGGR,10,0.1716
EGGGGGGGGP,10,0.1716
WGGGGGGGPW,10,0.1716
DWGGGGGGGE,10,0.1716
NPGGGGGGGE,10,0.1716
WMGGGGGGGG,10,0.1716
WWGGGGGGWP,10,0.1716
GWGGGGGGEG,10,0.1716
GGGGGGGGWE,10,0.1716
GGGGGGGGPG,10,0.1716
GGGGGGGGAP,10,0.1716
DWGGGGGGGW,10,0.1716
GWGGGGGGPW,10,0.1716
WGGGGGGGED,10,0.1716
GWGGGGGGAE,10,0.1716
GWGGGGGGPG,10,0.1716
WPGGGGGGWG,10,0.1716
WWGGGGGGDE,10,0.1716
WGGGGGGGWC,10,0.1716
EGGGGGGGGM,10,0.1716
GGGGGGGGWQ,10,0.1716
GEGGGGGGGW,10,0.1716
WGGGGGGGWD,10,0.1716
REGGGGGGGG,10,0.1716
PGGGGGGGGH,10,0.1716
AGGGGGGGGP,10,0.1716
MWGGGGGGGH,10,0.1716
WGGGGGGGGS,10,0.1716
WWGGGGGGGA,10,0.1716
MGGGGGGGWG,10,0.1716
MGGGGGGGGW,10,0.1716
RGGGGGGGWD,10,0.1716
WWGGGGGGGF,10,0.1716
WWGGGGGGPW,10,0.1716
QWGGGGGGGG,10,0.1716
WGGGGGGGGK,10,0.1716
WWGGGGGGGN,10,0.1716
FGGGGGGGGG,10,0.1716
WGGGGGGGPE,10,0.1716
WGGGGGGGGL,10,0.1716
GGGGGGGGGQ,10,0.1716
NGGGGGGGGG,10,0.1716
WGGGGGGGWR,10,0.1716
GWGGGGGGWD,10,0.1716
LWGGGGGGGW,10,0.1716
MWGGGGGGWG,10,0.1716
GEGGGGGGWE,10,0.1716
GWGGGGGGGI,10,0.1716
CWGGGGGGGE,10,0.1716
WWGGGGGGGV,10,0.1716
AWGGGGGGGP,10,0.1716
WGGGGGGGDW,10,0.1716
WLGGGGGGWG,10,0.1716
DGGGGGGGWP,10,0.1716
AWGGGGGGGD,10,0.1716
HGGGGGGGWW,10,0.1716
GGGGGGGGGC,10,0.1716
WWGGGGGGGY,10,0.1716
WGGGGGGGRA,10,0.1716
EWGGGGGGGW,10,0.1716
MDGGGGGGGG,10,0.1716
GGGGGGGGGI,10,0.1716
RGGGGGGGPG,10,0.1716
WWGGGGGGGH,10,0.1716
EGGGGGGGGH,10,0.1716
PGGGGGGGGE,10,0.1716
EGGGGGGGGL,10,0.1716
IGGGGGGGGG,10,0.1716
WWGGGGGGGK,10,0.1716
WWGGGGGGGM,10,0.1716
WGGGGGGGPP,10,0.1716
NGGGGGGGWG,10,0.1716
GMGGGGGGGG,10,0.1716
GGGGGGGGEP,10,0.1716
WWGGGGGGMG,10,0.1716
VWGGGGGGGW,10,0.1716
MGGGGGGGWW,10,0.1716
GAGGGGGGGG,10,0.1716
GWGGGGGGGH,10,0.1716
GDGGGGGGGW,10,0.1716
PWGGGGGGGD,10,0.1716
LWGGGGGGGG,10,0.1716
EWGGGGGGGK,10,0.1716
MWGGGGGGGP,10,0.1716
NGGGGGGGGW,10,0.1716
GGGGGGGGWH,10,0.1716
DGGGGGGGGR,10,0.1716
WGGGGGGGWS,10,0.1716
GGGGGGGGPW,10,0.1716
IGGGGGGGWG,10,0.1716
RWGGGGGGGR,10,0.1716
MGGGGGGGGD,10,0.1716
PGGGGGGGWE,10,0.1716
GGGGGGGGWV,10,0.1716
SGGGGGGGGW,10,0.1716
RGGGGGGGGD,10,0.1716
GGGGGGGGWM,10,0.1716
AGGGGGGGGM,10,0.1716
AGGGGGGGGW,10,0.1716
DGGGGGGGGW,10,0.1716
GDGGGGGGGP,10,0.1716
WWGGGGGGDG,10,0.1716
DWGGGGGGGP,10,0.1716
GWGGGGGGWK,10,0.1716
GDGGGGGGGG,10,0.1716
GGGGGGGGWR,10,0.1716
HGGGGGGGGW,10,0.1716
WWGGGGGGGL,10,0.1716
WRGGGGGGPG,10,0.1716
GWGGGGGGGK,10,0.1716
MGGGGGGGGP,10,0.1716
WGGGGGGGWN,10,0.1716
WWGGGGGGWA,10,0.1716
MWGGGGGGGW,10,0.1716
DGGGGGGGGM,10,0.1716
FGGGGGGGGW,10,0.1716
GGGGGGGGGS,10,0.1716
EGGGGGGGEG,10,0.1716
WGGGGGGGRG,10,0.1716
GGDGGGGGGG,10,0.1678
WWGGGGGDGG,10,0.16172
WGGGGGGDGG,10,0.16172
GGGGGGGDWG,10,0.16172
WGGGGDGGGG,10,0.1602
GWGDGGGGGG,10,0.15982
WGGDGGGGGG,10,0.15982
WWGGGGGGG,9,0.1584
GGGGGGGGP,9,0.1584
GGGGGGGGG,9,0.1584
WGGGGGGGG,9,0.1584
WGGGGGGGW,9,0.1584
GWGGGGGGG,9,0.1584
GGGGGGGGW,9,0.1584
EWGGGGGGG,9,0.1584
RGPGGGGGWG,10,0.157
GGPGGGGGWG,10,0.157
WWPGGGGGGG,10,0.157
WWGGGGGPGP,10,0.13364
GGGGGGGPGG,10,0.13364
WGGGGGGPGR,10,0.13364
WGGGGGGPGD,10,0.13364
WGGGGGGPGG,10,0.13364
GWGGGGPGGE,10,0.12926
WGGGGGPGGW,10,0.12926
GGGGGGPGWW,10,0.12926
WGGGGGPGGP,10,0.12926
GGGGPGGGGG,10,0.1278
WGGGGPGGGK,10,0.1278
GGGGGPGGWG,10,0.1278
EGGGPGGGGG,10,0.1278
WGGGGPGGGW,10,0.1278
GGMGGGGGGG,10,0.1036
WGWGMGGGGW,10,0.0285
