Pos,MHC,Peptide,Core,Of,Gp,Gl,Ip,Il,Icore,Identity,Score_EL,%Rank_EL,Score_BA,%Rank_BA,Aff(nM),BindLevel
1,HLA-A*02:01,ILEPPPVVPP,ILPPPVVPP,0,2,1,0,0,ILEPPPVVPP,PEPLIST,0.021238,4.625,0.174228,12.292,7590.63,
1,HLA-A*02:01,ILEPGPVVPP,ILPGPVVPP,0,2,1,0,0,ILEPGPVVPP,PEPLIST,0.014608,5.612,0.191878,10.885,6271.06,
1,HLA-A*02:01,ILEPPGVVPP,ILPPGVVPP,0,2,1,0,0,ILEPPGVVPP,PEPLIST,0.014553,5.624,0.174668,12.255,7554.58,
1,HLA-A*02:01,ILEPPVVVPP,ILPPVVVPP,0,2,1,0,0,ILEPPVVVPP,PEPLIST,0.013164,5.911,0.217182,9.296,4769.12,
1,HLA-A*02:01,ILEGPPVVPP,ILGPPVVPP,0,2,1,0,0,ILEGPPVVPP,PEPLIST,0.012876,5.971,0.178764,11.913,7227.09,
1,HLA-A*02:01,ILEPGIVVPP,ILPGIVVPP,0,2,1,0,0,ILEPGIVVPP,PEPLIST,0.009613,6.864,0.248631,7.694,3393.6,
1,HLA-A*02:01,ILEPGGVVPP,ILPGGVVPP,0,2,1,0,0,ILEPGGVVPP,PEPLIST,0.008717,7.188,0.180062,11.809,7126.3,
1,HLA-A*02:01,ILEPGVVVPP,ILPGVVVPP,0,2,1,0,0,ILEPGVVVPP,PEPLIST,0.008589,7.24,0.244005,7.918,3567.78,
1,HLA-A*02:01,ILEGPGVVPP,ILGPGVVPP,0,2,1,0,0,ILEGPGVVPP,PEPLIST,0.008346,7.338,0.183567,11.527,6861.11,
1,HLA-A*02:01,ILEGGPVVPP,ILGGPVVPP,0,2,1,0,0,ILEGGPVVPP,PEPLIST,0.007414,7.743,0.192023,10.876,6261.23,
1,HLA-A*02:01,ILEPVPVVPP,ILEPPVVPP,0,4,1,0,0,ILEPVPVVPP,PEPLIST,0.007212,7.836,0.182429,11.619,6946.11,
1,HLA-A*02:01,ILEPGEVVPP,ILPGEVVPP,0,2,1,0,0,ILEPGEVVPP,PEPLIST,0.006544,8.169,0.16747,12.862,8166.46,
1,HLA-A*02:01,ILEGPVVVPP,ILGPVVVPP,0,2,1,0,0,ILEGPVVVPP,PEPLIST,0.006542,8.17,0.230788,8.575,4116.27,
1,HLA-A*02:01,ILEPVGVVPP,ILEPGVVPP,0,4,1,0,0,ILEPVGVVPP,PEPLIST,0.004959,9.233,0.179779,11.832,7148.15,
1,HLA-A*02:01,ILEGGGVVPP,ILGGGVVPP,0,2,1,0,0,ILEGGGVVPP,PEPLIST,0.004171,9.939,0.182433,11.619,6945.81,
1,HLA-A*02:01,ILEGGVVVPP,ILGGVVVPP,0,2,1,0,0,ILEGGVVVPP,PEPLIST,0.003944,10.2,0.247153,7.765,3448.3,
