Pos,HLA,Peptide,Core,Of,Gp,Gl,Ip,Il,Icore,Identity,Score,Aff(nM),%Rank,BindLevel
1,HLA-A*02:01,ILEGPVVVPP,ILGPVVVPP,0,2,1,0,0,ILEGPVVVPP,PEPLIST,0.232709,4031.6,8.3845,
1,HLA-A*02:01,ILEPGIVVPP,ILPGIVVPP,0,2,1,0,0,ILEPGIVVPP,PEPLIST,0.22859,4215.3,8.5942,
1,HLA-A*02:01,ILEGGVVVPP,ILGGVVVPP,0,2,1,0,0,ILEGGVVVPP,PEPLIST,0.228273,4229.8,8.6112,
1,HLA-A*02:01,ILEPGVVVPP,ILPGVVVPP,0,2,1,0,0,ILEPGVVVPP,PEPLIST,0.218398,4706.8,9.1503,
1,HLA-A*02:01,ILEPPVVVPP,ILPPVVVPP,0,2,1,0,0,ILEPPVVVPP,PEPLIST,0.209765,5167.6,9.6513,
1,HLA-A*02:01,ILEPVPVVPP,ILEPVVVPP,0,5,1,0,0,ILEPVPVVPP,PEPLIST,0.182997,6903.6,11.4153,
1,HLA-A*02:01,ILEPVGVVPP,ILEPVVVPP,0,5,1,0,0,ILEPVGVVPP,PEPLIST,0.177482,7328,11.8258,
1,HLA-A*02:01,ILEGPGVVPP,ILGPGVVPP,0,2,1,0,0,ILEGPGVVPP,PEPLIST,0.17094,7865.5,12.3703,
1,HLA-A*02:01,ILEGPPVVPP,ILGPPVVPP,0,2,1,0,0,ILEGPPVVPP,PEPLIST,0.166664,8238,12.7471,
1,HLA-A*02:01,ILEPGPVVPP,ILPGPVVPP,0,2,1,0,0,ILEPGPVVPP,PEPLIST,0.164147,8465.4,12.969,
1,HLA-A*02:01,ILEGGPVVPP,ILGGPVVPP,0,2,1,0,0,ILEGGPVVPP,PEPLIST,0.160577,8798.8,13.303,
1,HLA-A*02:01,ILEPPPVVPP,ILPPPVVPP,0,2,1,0,0,ILEPPPVVPP,PEPLIST,0.158471,9001.6,13.5013,
1,HLA-A*02:01,ILEPPGVVPP,ILPPGVVPP,0,2,1,0,0,ILEPPGVVPP,PEPLIST,0.157145,9131.7,13.6261,
1,HLA-A*02:01,ILEGGGVVPP,ILGGGVVPP,0,2,1,0,0,ILEGGGVVPP,PEPLIST,0.156288,9216.7,13.7068,
1,HLA-A*02:01,ILEPGGVVPP,ILPGGVVPP,0,2,1,0,0,ILEPGGVVPP,PEPLIST,0.153164,9533.6,14.001,
1,HLA-A*02:01,ILEPGEVVPP,ILEPGVVPP,0,5,1,0,0,ILEPGEVVPP,PEPLIST,0.144455,10475.6,14.8906,
